{"\u5357\u5934\u9547\u5357\u65b9\u7269\u6d414\u697c": [113.2904, 22.72647], "\u77f3\u6b67\u533a\u83b2\u5858\u8def\u6cb3\u4f2f\u5927\u88572\u5df71\u53f7602\u5ba4\u5185": [113.3770862, 22.52377], "\u9ec4\u5703\u9547\u5927\u9b41\u5357\u8857\u516d\u5df77\u53f7": [113.3575, 22.75768], "\u4e09\u4e61\u96c5\u5c45\u4e5017\u671f1\u680b5\u5361": [113.452865, 22.336393], "\u5766\u6d32\u5357\u6d32\u8def3\u5df717\u53f7": [113.459656, 22.259946], "\u795e\u6e7e\u6c99\u6e7e\u5e02\u573a": [113.352253, 22.344262], "\u77f3\u5c90\u8857\u9053\u529e\u4e1c\u660e\u8def\u4e1c\u76db\u82b1\u56ed\u4e1c\u76db\u82d11\u5e62": [113.3859, 22.54706], "\u5f00\u53d1\u533a\u5357\u5e99\u885728\u53f7": [113.461183, 22.545828], "\u5e7f\u4e1c\u7701\u4e2d\u5c71\u5e02\u6a2a\u5170\u9547\u5eb7\u9f99\u8def": [113.233538, 22.555079], "\u77f3\u5c90\u5927\u4fe1\u5357\u8def127\u53f7 ": [113.37755, 22.53648], "\u4e1c\u51e4\u9547\u4f5b\u5965\u9633\u5149\u82b1\u56edNB\u4e1a\u52a1\u71c3\u6c14\u8868": [113.2606, 22.68911], "\u5c0f\u6984\u83ca\u57ce\u5927\u9053\u4e1c74\u53f7": [113.240447, 22.665288], "\u5357\u5934\u9686\u5173\u885725\u53f7": [113.279889, 22.71658], "\u5357\u5934\u9547\u5e7f\u6d4e\u533b\u9662\u4f4f\u9662\u5927\u697c": [113.2884, 22.71353], "\u77f3\u5c90\u8857\u9053\u529e\u5357\u4e0b\u7ba1\u7406\u533a\u9ebb\u6d32\u8857158\u53f7": [113.3716, 22.51346], "\u5e7f\u4e1c\u7701\u4e2d\u5c71\u5e02\u6c11\u4f17\u8857\u9053\u6c99\u4ed4\u6751": [113.508322, 22.682707], "\u6e2f\u53e3\u9547\u4e0b\u5357\u6751\u6a2a\u6cb3\u6d8c\u88571\u53f7": [113.40195, 22.61967], "\u6a2a\u680f\u65b0\u8302\u6751\u56db\u6c99\u8def\u53e3": [113.22634, 22.571373], "\u4e1c\u5347\u8475\u5174\u5927\u905328\u53f7": [113.283396, 22.628292], "\u897f\u533a\u957f\u4e50\u65b0\u67516\u680b1\u697c": [113.3513, 22.525], "\u4e2d\u5c71\u5e02\u5c0f\u6984\u9547\u9ad8\u6c99\u793e\u533a\u987a\u5b89\u5341\u4e5d\u5df74\u53f7": [113.265046, 22.628563], "\u4e1c\u51e4\u4e2d\u6210\u885761\u53f7": [113.242155, 22.703239], "\u4e2d\u5c71\u4e94\u8def32\u53f7\u7d2b\u5cad\u56fd\u9645\u4e00\u671f": [113.409627, 22.516805], "\u4e2d\u5c71\u5e02\u4e09\u89d2\u9547\u6c99\u680f\u897f\u8def20\u53f7": [113.400265, 22.670514], "\u5357\u6717\u6c99\u53e3\u6d8c\u8fb9\u9632\u6d3e\u51fa\u6240\u9644\u8fd1": [113.551943, 22.45674], "\u4e1c\u533a\u4e2d\u73af\u5e7f\u573a1\u5ea713A": [113.406126, 22.502655], "\u4e1c\u533a\u8def\u4e1c\u533a\u6620\u7fe0\u8c6a\u5ead": [113.3643, 22.49995], "\u53e4\u9547\u53e4\u4e8c\u987a\u5eb7\u56ed": [113.181047, 22.634113], "\u9ec4\u5703\u4e09\u793e\u793e\u533a": [113.335472, 22.72123], "\u53e4\u9547\u66f9\u5174\u4e2d\u8def\u5357\u5341\u4e8c\u5df73\u53f7": [113.193035, 22.630467], "\u4e09\u4e61\u6587\u660c\u4e1c\u8def\u7535\u4fe1\u8425\u4e1a\u5385": [113.433932, 22.364941], "\u5766\u6d32\u9526\u7ee3\u96c5\u82d1 ": [113.45773, 22.286076], "\u5f00\u53d1\u533a\u5bab\u82b1\u5de5\u4e1a\u533a\u9a6c\u5934\u5bb6\u5177\u5382\n": [113.44464, 22.52358], "\u897f\u533a\u8857\u9053\u529e\u5bcc\u534e\u905317\u53f7(\u540d\u4ed5\u5929\u5730)": [113.35471, 22.52369], "\u5c0f\u6984\u946b\u76db\u5546\u4e1a\u5e7f\u573a\u5b89\u8fbe\u8d85\u5e02": [113.523379, 22.564534], "\u77f3\u5c90\u534e\u4fa8\u65b0\u6751\u5929\u6e56\u4e0a\u8857\uff08\u5ba4\u5185\uff09": [113.371005, 22.5324], "\u4e94\u6842\u5c71\u9ca4\u9c7c\u5c71\u6751113\u53f7": [113.352666, 22.44186], "\u897f\u533a\u9686\u5e73\u4e00\u7ec410\u53f7": [113.321566, 22.553242], "\u5357\u5934\u9547\u534e\u5149\u5317\u8def\u81ea\u7f1689\u53f7": [113.28836, 22.721079], "\u5766\u6d32\u9547\u5609\u8054\u8def12\u53f7\u8054\u90a6\u5236\u836f\u5382\u884c\u653f\u697c": [113.467249, 22.254346], "\u77f3\u5c90\u8857\u9053\u529e\u5c90\u5173\u897f\u8def62\u53f7(\u817e\u8baf\u79d1\u6280)\u5bbf\u820d": [113.371009, 22.50623], "\u5c0f\u6984\u9547\u57d2\u897f\u4e00\u6d77\u5a01\u8def70\u53f7": [113.215787, 22.623004], "\u4e1c\u51e4\u5927\u9053\u5357 37\u53f7": [113.243566, 22.694548], "\u53e4\u9547\u540c\u76ca\u5de5\u4e1a\u56ed\u91d1\u6c47\u516c\u5bd3": [113.205571, 22.603733], "\u5766\u6d32\u9547\u5e7f\u6e90\u8def\u5357\u534e\u533b\u9662\u95e8\u8bca\u5927\u697c": [113.48482, 22.265642], "\u77f3\u5c90\u4e07\u8c61\u6c47\u5e7f\u573a\u8d2d\u7269\u4e2d\u5fc3\u7535\u5f71\u9662": [113.382749, 22.523863], "\u53e4\u9547\u6d77\u6d32\u6d32\u5934\u897f\u6751\u4e1c\u4e00\u5df7": [113.202996, 22.649177], "\u5e7f\u4e1c\u4e2d\u5c71\u5e02\u6a2a\u680f\u9547\u5eb7\u9f99\u4e8c\u8def": [113.236, 22.557962], "\u897f\u533a\u65b0\u5c45\u8def32\u680b": [113.3454, 22.5312], "\u795e\u6e7e\u65b0\u5e02\u573a": [113.352675, 22.323145]}